"Sport and athletics are provided by a number of clubs, notably the Touring Club Italiano, founded in 1894."
Volleyball is the sport of choice at Flannagan's and there are four volleyball courts with nightly games
PH volleyball sport chief confident of national team’s medal chances in 2019 SEA Games
sport  volleyball coaching great Nes Pamilar passes away at 52
Expect major changes in PH men’s volleyball sport team for SEA Games
At cricket sport  he was equally good as a bat and as a wicket-keeper
Provision is made for cricket sport in a number of the parks
Kennington Oval is the ground of the Surrey County Cricket sport Club
Data Science is primarily used to make decisions and prediction by data analysis
Data Science uses predictive algorithm by exploring data analysis
Data Science is for data analysis
Data Science and Data mining
Data Science is the study of information extraction
Data Science is used mine large amount of data
